Week,Date,TimeET,AwayTeam,HomeTeam,Network,Notes
1,2025-09-07,13:00,CINCINNATI BENGALS,CLEVELAND BROWNS,,
1,2025-09-07,13:00,MIAMI DOLPHINS,INDIANAPOLIS COLTS,,
1,2025-09-07,13:00,LAS VEGAS RAIDERS,NEW ENGLAND PATRIOTS,,
1,2025-09-07,13:00,ARIZONA CARDINALS,NEW ORLEANS SAINTS,,
1,2025-09-07,13:00,PITTSBURGH STEELERS,NEW YORK JETS,,
1,2025-09-07,13:00,NEW YORK JETS,WASHINGTON COMMANDERS,,
1,2025-09-07,13:00,CAROLINA PANTHERS,JACKSONVILLE JAGUARS,,
1,2025-09-07,16:05,TENNESSEE TITANS,DENVER BRONCOS,,
1,2025-09-07,16:05,SAN FRANCISCO 49ERS,SEATTLE SEAHAWKS,,
1,2025-09-07,16:25,DETROIT LIONS,GREEN BAY PACKERS,,
1,2025-09-07,16:25,HOUSTON TEXANS,LOS ANGELES RAMS,,
1,2025-09-07,20:20,BALTIMORE RAVENS,BUFFALO BILLS,,
2,2025-09-14,13:00,NEW YORK GIANTS,DALLAS COWBOYS,,
2,2025-09-14,13:00,CHICAGO BEARS,DETROIT LIONS,,
2,2025-09-14,13:00,LOS ANGELES RAMS,TENNESSEE TITANS,,
2,2025-09-14,13:00,NEW ENGLAND PATRIOTS,MIAMI DOLPHINS,,
2,2025-09-14,13:00,SAN FRANCISCO 49ERS,NEW ORLEANS SAINTS,,
2,2025-09-14,13:00,BUFFALO BILLS,NEW YORK JETS,,
2,2025-09-14,13:00,SEATTLE SEAHAWKS,PITTSBURGH STEELERS,,
2,2025-09-14,13:00,CLEVELAND BROWNS,BALTIMORE RAVENS,,
2,2025-09-14,16:05,DENVER BRONCOS,INDIANAPOLIS COLTS,,
2,2025-09-14,16:05,CAROLINA PANTHERS,ARIZONA CARDINALS,,
2,2025-09-14,16:25,PHILADELPHIA EAGLES,KANSAS CITY CHIEFS,,
2,2025-09-14,20:20,ATLANTA FALCONS,MINNESOTA VIKINGS,,
2,2025-09-15,22:00,LOS ANGELES CHARGERS,LAS VEGAS RAIDERS,,
3,2025-09-21,13:00,INDIANAPOLIS COLTS,TENNESSEE TITANS,,
3,2025-09-21,13:00,CINCINNATI BENGALS,MINNESOTA VIKINGS,,
3,2025-09-21,13:00,PITTSBURGH STEELERS,NEW ENGLAND PATRIOTS,,
3,2025-09-21,13:00,LOS ANGELES RAMS,PHILADELPHIA EAGLES,,
3,2025-09-21,13:00,NEW YORK JETS,TAMPA BAY BUCCANEERS,,
3,2025-09-21,13:00,LAS VEGAS RAIDERS,WASHINGTON COMMANDERS,,
3,2025-09-21,13:00,ATLANTA FALCONS,CAROLINA PANTHERS,,
3,2025-09-21,13:00,HOUSTON TEXANS,JACKSONVILLE JAGUARS,,
3,2025-09-21,16:05,DENVER BRONCOS,LOS ANGELES CHARGERS,,
3,2025-09-21,16:05,NEW ORLEANS SAINTS,SEATTLE SEAHAWKS,,
3,2025-09-21,16:25,DALLAS COWBOYS,CHICAGO BEARS,,
3,2025-09-21,16:25,ARIZONA CARDINALS,SAN FRANCISCO 49ERS,,
3,2025-09-21,20:20,KANSAS CITY CHIEFS,NEW YORK GIANTS,,
4,2025-09-28,13:00,WASHINGTON COMMANDERS,ATLANTA FALCONS,,
4,2025-09-28,13:00,NEW ORLEANS SAINTS,BUFFALO BILLS,,
4,2025-09-28,13:00,CLEVELAND BROWNS,DETROIT LIONS,,
4,2025-09-28,13:00,CAROLINA PANTHERS,NEW ENGLAND PATRIOTS,,
4,2025-09-28,13:00,LOS ANGELES CHARGERS,NEW YORK GIANTS,,
4,2025-09-28,13:00,PHILADELPHIA EAGLES,TAMPA BAY BUCCANEERS,,
4,2025-09-28,13:00,TENNESSEE TITANS,HOUSTON TEXANS,,
4,2025-09-28,16:05,INDIANAPOLIS COLTS,LOS ANGELES RAMS,,
4,2025-09-28,16:05,JACKSONVILLE JAGUARS,SAN FRANCISCO 49ERS,,
4,2025-09-28,16:25,BALTIMORE RAVENS,KANSAS CITY CHIEFS,,
4,2025-09-28,16:25,CHICAGO BEARS,LAS VEGAS RAIDERS,,
4,2025-09-28,20:20,GREEN BAY PACKERS,DALLAS COWBOYS,,
4,2025-09-29,20:15,CINCINNATI BENGALS,DENVER BRONCOS,,
5,2025-10-05,13:00,LAS VEGAS RAIDERS,INDIANAPOLIS COLTS,,
5,2025-10-05,13:00,NEW YORK GIANTS,NEW ORLEANS SAINTS,,
5,2025-10-05,13:00,DALLAS COWBOYS,NEW YORK JETS,,
5,2025-10-05,13:00,DENVER BRONCOS,PHILADELPHIA EAGLES,,
5,2025-10-05,13:00,MIAMI DOLPHINS,CAROLINA PANTHERS,,
5,2025-10-05,13:00,HOUSTON TEXANS,BALTIMORE RAVENS,,
5,2025-10-05,16:05,TENNESSEE TITANS,ARIZONA CARDINALS,,
5,2025-10-05,16:05,TAMPA BAY BUCCANEERS,SEATTLE SEAHAWKS,,
5,2025-10-05,16:25,DETROIT LIONS,CINCINNATI BENGALS,,
5,2025-10-05,16:25,WASHINGTON COMMANDERS,LOS ANGELES CHARGERS,,
5,2025-10-05,20:20,NEW ENGLAND PATRIOTS,BUFFALO BILLS,,
6,2025-10-12,13:00,ARIZONA CARDINALS,INDIANAPOLIS COLTS,,
6,2025-10-12,13:00,LOS ANGELES CHARGERS,MIAMI DOLPHINS,,
6,2025-10-12,13:00,CLEVELAND BROWNS,PITTSBURGH STEELERS,,
6,2025-10-12,13:00,SAN FRANCISCO 49ERS,TAMPA BAY BUCCANEERS,,
6,2025-10-12,13:00,DALLAS COWBOYS,CAROLINA PANTHERS,,
6,2025-10-12,13:00,SEATTLE SEAHAWKS,JACKSONVILLE JAGUARS,,
6,2025-10-12,13:00,LOS ANGELES RAMS,BALTIMORE RAVENS,,
6,2025-10-12,16:05,TENNESSEE TITANS,LAS VEGAS RAIDERS,,
6,2025-10-12,16:25,CINCINNATI BENGALS,GREEN BAY PACKERS,,
6,2025-10-12,16:25,NEW ENGLAND PATRIOTS,NEW ORLEANS SAINTS,,
6,2025-10-12,20:20,DETROIT LIONS,KANSAS CITY CHIEFS,,
6,2025-10-13,20:15,CHICAGO BEARS,WASHINGTON COMMANDERS,,
7,2025-10-19,13:00,NEW ORLEANS SAINTS,CHICAGO BEARS,,
7,2025-10-19,13:00,MIAMI DOLPHINS,CLEVELAND BROWNS,,
7,2025-10-19,13:00,NEW ENGLAND PATRIOTS,TENNESSEE TITANS,,
7,2025-10-19,13:00,LAS VEGAS RAIDERS,KANSAS CITY CHIEFS,,
7,2025-10-19,13:00,PHILADELPHIA EAGLES,MINNESOTA VIKINGS,,
7,2025-10-19,13:00,CAROLINA PANTHERS,NEW YORK JETS,,
7,2025-10-19,16:05,NEW YORK GIANTS,DENVER BRONCOS,,
7,2025-10-19,16:05,INDIANAPOLIS COLTS,LOS ANGELES CHARGERS,,
7,2025-10-19,16:25,WASHINGTON COMMANDERS,DALLAS COWBOYS,,
7,2025-10-19,16:25,GREEN BAY PACKERS,ARIZONA CARDINALS,,
7,2025-10-19,20:20,ATLANTA FALCONS,SAN FRANCISCO 49ERS,,
7,2025-10-20,22:00,HOUSTON TEXANS,SEATTLE SEAHAWKS,,
8,2025-10-26,13:00,NEW YORK JETS,CINCINNATI BENGALS,,
8,2025-10-26,13:00,CLEVELAND BROWNS,NEW ENGLAND PATRIOTS,,
8,2025-10-26,13:00,NEW YORK GIANTS,PHILADELPHIA EAGLES,,
8,2025-10-26,13:00,BUFFALO BILLS,CAROLINA PANTHERS,,
8,2025-10-26,13:00,CHICAGO BEARS,BALTIMORE RAVENS,,
8,2025-10-26,13:00,SAN FRANCISCO 49ERS,HOUSTON TEXANS,,
8,2025-10-26,16:05,TAMPA BAY BUCCANEERS,NEW ORLEANS SAINTS,,
8,2025-10-26,16:25,DALLAS COWBOYS,DENVER BRONCOS,,
8,2025-10-26,16:25,TENNESSEE TITANS,INDIANAPOLIS COLTS,,
8,2025-10-26,20:20,GREEN BAY PACKERS,PITTSBURGH STEELERS,,
9,2025-11-02,13:00,MINNESOTA VIKINGS,DETROIT LIONS,,
9,2025-11-02,13:00,CAROLINA PANTHERS,GREEN BAY PACKERS,,
9,2025-11-02,13:00,LOS ANGELES CHARGERS,TENNESSEE TITANS,,
9,2025-11-02,13:00,ATLANTA FALCONS,NEW ENGLAND PATRIOTS,,
9,2025-11-02,13:00,SAN FRANCISCO 49ERS,NEW YORK GIANTS,,
9,2025-11-02,13:00,INDIANAPOLIS COLTS,PITTSBURGH STEELERS,,
9,2025-11-02,13:00,DENVER BRONCOS,HOUSTON TEXANS,,
9,2025-11-02,16:05,JACKSONVILLE JAGUARS,LAS VEGAS RAIDERS,,
9,2025-11-02,16:05,NEW ORLEANS SAINTS,LOS ANGELES RAMS,,
9,2025-11-02,16:25,KANSAS CITY CHIEFS,BUFFALO BILLS,,
9,2025-11-02,20:20,SEATTLE SEAHAWKS,WASHINGTON COMMANDERS,,
10,2025-11-09,13:00,NEW YORK GIANTS,CHICAGO BEARS,,
10,2025-11-09,13:00,BUFFALO BILLS,MIAMI DOLPHINS,,
10,2025-11-09,13:00,BALTIMORE RAVENS,MINNESOTA VIKINGS,,
10,2025-11-09,13:00,CLEVELAND BROWNS,NEW YORK JETS,,
10,2025-11-09,13:00,NEW ENGLAND PATRIOTS,TAMPA BAY BUCCANEERS,,
10,2025-11-09,13:00,NEW ORLEANS SAINTS,CAROLINA PANTHERS,,
10,2025-11-09,13:00,JACKSONVILLE JAGUARS,HOUSTON TEXANS,,
10,2025-11-09,16:05,ARIZONA CARDINALS,SEATTLE SEAHAWKS,,
10,2025-11-09,16:25,LOS ANGELES RAMS,SAN FRANCISCO 49ERS,,
10,2025-11-09,16:25,DETROIT LIONS,WASHINGTON COMMANDERS,,
10,2025-11-09,20:20,PITTSBURGH STEELERS,LOS ANGELES CHARGERS,,
11,2025-11-16,13:00,CAROLINA PANTHERS,ATLANTA FALCONS,,
11,2025-11-16,13:00,TAMPA BAY BUCCANEERS,BUFFALO BILLS,,
11,2025-11-16,13:00,HOUSTON TEXANS,TENNESSEE TITANS,,
11,2025-11-16,13:00,CHICAGO BEARS,MINNESOTA VIKINGS,,
11,2025-11-16,13:00,GREEN BAY PACKERS,NEW YORK GIANTS,,
11,2025-11-16,13:00,CINCINNATI BENGALS,PITTSBURGH STEELERS,,
11,2025-11-16,13:00,LOS ANGELES CHARGERS,JACKSONVILLE JAGUARS,,
11,2025-11-16,16:05,SEATTLE SEAHAWKS,LOS ANGELES RAMS,,
11,2025-11-16,16:05,SAN FRANCISCO 49ERS,ARIZONA CARDINALS,,
11,2025-11-16,16:25,BALTIMORE RAVENS,CLEVELAND BROWNS,,
11,2025-11-16,16:25,KANSAS CITY CHIEFS,DENVER BRONCOS,,
11,2025-11-16,20:20,DETROIT LIONS,PHILADELPHIA EAGLES,,
12,2025-11-23,13:00,NEW ENGLAND PATRIOTS,CINCINNATI BENGALS,,
12,2025-11-23,13:00,NEW YORK GIANTS,DETROIT LIONS,,
12,2025-11-23,13:00,MINNESOTA VIKINGS,GREEN BAY PACKERS,,
12,2025-11-23,13:00,SEATTLE SEAHAWKS,TENNESSEE TITANS,,
12,2025-11-23,13:00,INDIANAPOLIS COLTS,KANSAS CITY CHIEFS,,
12,2025-11-23,13:00,NEW YORK JETS,BALTIMORE RAVENS,,
12,2025-11-23,16:05,CLEVELAND BROWNS,LAS VEGAS RAIDERS,,
12,2025-11-23,16:05,JACKSONVILLE JAGUARS,ARIZONA CARDINALS,,
12,2025-11-23,16:25,PHILADELPHIA EAGLES,DALLAS COWBOYS,,
12,2025-11-23,16:25,ATLANTA FALCONS,NEW ORLEANS SAINTS,,
12,2025-11-23,20:20,TAMPA BAY BUCCANEERS,LOS ANGELES RAMS,,
13,2025-11-27,16:30,KANSAS CITY CHIEFS,DALLAS COWBOYS,,
13,2025-11-27,20:20,CINCINNATI BENGALS,BALTIMORE RAVENS,,
13,2025-11-30,13:00,JACKSONVILLE JAGUARS,TENNESSEE TITANS,,
13,2025-11-30,13:00,HOUSTON TEXANS,INDIANAPOLIS COLTS,,
13,2025-11-30,13:00,NEW ORLEANS SAINTS,MIAMI DOLPHINS,,
13,2025-11-30,13:00,ATLANTA FALCONS,NEW YORK JETS,,
13,2025-11-30,13:00,ARIZONA CARDINALS,TAMPA BAY BUCCANEERS,,
13,2025-11-30,13:00,LOS ANGELES RAMS,CAROLINA PANTHERS,,
13,2025-11-30,16:05,MINNESOTA VIKINGS,SEATTLE SEAHAWKS,,
13,2025-11-30,16:25,BUFFALO BILLS,PITTSBURGH STEELERS,,
13,2025-11-30,16:25,LAS VEGAS RAIDERS,LOS ANGELES CHARGERS,,
13,2025-11-30,20:20,DENVER BRONCOS,WASHINGTON COMMANDERS,,
14,2025-12-07,13:00,TENNESSEE TITANS,CLEVELAND BROWNS,,
14,2025-12-07,13:00,CHICAGO BEARS,GREEN BAY PACKERS,,
14,2025-12-07,13:00,WASHINGTON COMMANDERS,MINNESOTA VIKINGS,,
14,2025-12-07,13:00,MIAMI DOLPHINS,NEW YORK GIANTS,,
14,2025-12-07,13:00,NEW ORLEANS SAINTS,TAMPA BAY BUCCANEERS,,
14,2025-12-07,13:00,INDIANAPOLIS COLTS,JACKSONVILLE JAGUARS,,
14,2025-12-07,13:00,PITTSBURGH STEELERS,BALTIMORE RAVENS,,
14,2025-12-07,16:05,DENVER BRONCOS,LAS VEGAS RAIDERS,,
14,2025-12-07,16:25,CINCINNATI BENGALS,BUFFALO BILLS,,
14,2025-12-07,16:25,LOS ANGELES RAMS,ARIZONA CARDINALS,,
14,2025-12-07,20:20,HOUSTON TEXANS,KANSAS CITY CHIEFS,,
15,2025-12-14,13:00,BALTIMORE RAVENS,CINCINNATI BENGALS,,
15,2025-12-14,13:00,LOS ANGELES CHARGERS,KANSAS CITY CHIEFS,,
15,2025-12-14,13:00,BUFFALO BILLS,NEW ENGLAND PATRIOTS,,
15,2025-12-14,13:00,WASHINGTON COMMANDERS,NEW YORK GIANTS,,
15,2025-12-14,13:00,LAS VEGAS RAIDERS,PHILADELPHIA EAGLES,,
15,2025-12-14,13:00,NEW YORK JETS,JACKSONVILLE JAGUARS,,
15,2025-12-14,13:00,ARIZONA CARDINALS,HOUSTON TEXANS,,
15,2025-12-14,16:25,GREEN BAY PACKERS,DENVER BRONCOS,,
15,2025-12-14,16:25,DETROIT LIONS,LOS ANGELES RAMS,,
15,2025-12-14,16:25,CAROLINA PANTHERS,NEW ORLEANS SAINTS,,
15,2025-12-14,16:25,TENNESSEE TITANS,SAN FRANCISCO 49ERS,,
15,2025-12-14,16:25,INDIANAPOLIS COLTS,SEATTLE SEAHAWKS,,
15,2025-12-14,20:20,MINNESOTA VIKINGS,DALLAS COWBOYS,,
16,2025-12-20,,PHILADELPHIA EAGLES,WASHINGTON COMMANDERS,,
16,2025-12-21,13:00,LOS ANGELES CHARGERS,DALLAS COWBOYS,,
16,2025-12-21,13:00,KANSAS CITY CHIEFS,TENNESSEE TITANS,,
16,2025-12-21,13:00,NEW YORK JETS,NEW ORLEANS SAINTS,,
16,2025-12-21,13:00,MINNESOTA VIKINGS,NEW YORK GIANTS,,
16,2025-12-21,13:00,TAMPA BAY BUCCANEERS,CAROLINA PANTHERS,,
16,2025-12-21,13:00,NEW ENGLAND PATRIOTS,BALTIMORE RAVENS,,
16,2025-12-21,16:05,JACKSONVILLE JAGUARS,DENVER BRONCOS,,
16,2025-12-21,16:05,ATLANTA FALCONS,ARIZONA CARDINALS,,
16,2025-12-21,16:25,PITTSBURGH STEELERS,DETROIT LIONS,,
16,2025-12-21,16:25,LAS VEGAS RAIDERS,HOUSTON TEXANS,,
16,2025-12-21,20:20,CINCINNATI BENGALS,MIAMI DOLPHINS,,
17,2025-12-25,16:30,DETROIT LIONS,MINNESOTA VIKINGS,,
17,2025-12-25,20:15,DENVER BRONCOS,KANSAS CITY CHIEFS,,
17,2025-12-28,13:00,NEW ORLEANS SAINTS,TENNESSEE TITANS,,
17,2025-12-28,13:00,JACKSONVILLE JAGUARS,INDIANAPOLIS COLTS,,
17,2025-12-28,13:00,TAMPA BAY BUCCANEERS,MIAMI DOLPHINS,,
17,2025-12-28,13:00,NEW ENGLAND PATRIOTS,NEW YORK JETS,,
17,2025-12-28,16:25,PHILADELPHIA EAGLES,BUFFALO BILLS,,
17,2025-12-28,20:20,CHICAGO BEARS,SAN FRANCISCO 49ERS,,
17,2025-12-29,,ARIZONA CARDINALS,CINCINNATI BENGALS,,
17,2025-12-29,,BALTIMORE RAVENS,GREEN BAY PACKERS,,
17,2025-12-29,,NEW YORK GIANTS,LAS VEGAS RAIDERS,,
17,2025-12-29,,HOUSTON TEXANS,LOS ANGELES CHARGERS,,
17,2025-12-29,,SEATTLE SEAHAWKS,CAROLINA PANTHERS,,
18,2025-12-29,,NEW ORLEANS SAINTS,ATLANTA FALCONS,,
18,2025-12-29,,NEW YORK GIANTS,BUFFALO BILLS,,
18,2025-12-29,,DETROIT LIONS,CHICAGO BEARS,,
18,2025-12-29,,CLEVELAND BROWNS,CINCINNATI BENGALS,,
18,2025-12-29,,LOS ANGELES CHARGERS,DENVER BRONCOS,,
18,2025-12-29,,KANSAS CITY CHIEFS,LAS VEGAS RAIDERS,,
18,2025-12-29,,ARIZONA CARDINALS,LOS ANGELES CHARGERS,,
18,2025-12-29,,GREEN BAY PACKERS,MINNESOTA VIKINGS,,
18,2025-12-29,,MIAMI DOLPHINS,NEW ENGLAND PATRIOTS,,
18,2025-12-29,,DALLAS COWBOYS,NEW YORK GIANTS,,
18,2025-12-29,,WASHINGTON COMMANDERS,PHILADELPHIA EAGLES,,
18,2025-12-29,,BALTIMORE RAVENS,PITTSBURGH STEELERS,,
18,2025-12-29,,SEATTLE SEAHAWKS,SAN FRANCISCO 49ERS,,
18,2025-12-29,,CAROLINA PANTHERS,TAMPA BAY BUCCANEERS,,
18,2025-12-29,,TENNESSEE TITANS,JACKSONVILLE JAGUARS,,
18,2025-12-29,,INDIANAPOLIS COLTS,HOUSTON TEXANS,,